               epoch,      train/box_loss,      train/obj_loss,      train/cls_loss,   metrics/precision,      metrics/recall,     metrics/mAP_0.5,metrics/mAP_0.5:0.95,        val/box_loss,        val/obj_loss,        val/cls_loss,               x/lr0,               x/lr1,               x/lr2
                   0,            0.091777,            0.083417,             0.08373,            0.006345,           0.0018468,           0.0038025,           0.0015348,            0.079523,            0.064795,            0.078136,           0.0033329,           0.0033329,            0.070004
                   1,            0.074533,            0.084471,            0.074856,            0.077905,            0.015929,            0.044937,            0.021789,            0.069175,            0.062979,            0.065008,           0.0066442,           0.0066442,            0.039982
                   2,            0.068998,            0.082746,            0.063195,             0.20381,            0.057983,             0.12205,            0.068235,            0.063181,            0.061286,            0.051676,           0.0099336,           0.0099336,           0.0099381
                   3,            0.065021,            0.080841,            0.053941,             0.39029,            0.099276,             0.23599,             0.14365,            0.059429,            0.059648,            0.043796,            0.009901,            0.009901,            0.009901
                   4,              0.0624,            0.079114,            0.048649,             0.40149,             0.13008,             0.26484,             0.16552,            0.057424,            0.058682,            0.039832,            0.009901,            0.009901,            0.009901
                   5,            0.060757,            0.078234,             0.04545,             0.46569,             0.15082,             0.30812,             0.19613,            0.056214,             0.05809,            0.037624,            0.009868,            0.009868,            0.009868
                   6,            0.059597,            0.077583,            0.042935,             0.48625,             0.16071,             0.32669,              0.2116,            0.055497,            0.057846,            0.036308,            0.009835,            0.009835,            0.009835
                   7,            0.058836,            0.076975,            0.041255,             0.50116,             0.16249,             0.33394,             0.21844,            0.055071,            0.057901,            0.035471,            0.009802,            0.009802,            0.009802
                   8,            0.058091,            0.076428,            0.039874,             0.55096,             0.16286,             0.35707,             0.22755,            0.054802,            0.058152,            0.034879,            0.009769,            0.009769,            0.009769
                   9,            0.057602,            0.076013,            0.038752,             0.55347,             0.16121,             0.35674,             0.23395,            0.054637,            0.058598,             0.03441,            0.009736,            0.009736,            0.009736
                  10,            0.057078,            0.075348,            0.037852,             0.56122,             0.15887,              0.3592,             0.23816,            0.054536,            0.059234,            0.034015,            0.009703,            0.009703,            0.009703
                  11,             0.05665,            0.075551,            0.037091,             0.57319,             0.15579,             0.36664,             0.24217,            0.054448,            0.059931,            0.033631,             0.00967,             0.00967,             0.00967
                  12,             0.05633,            0.074917,            0.036285,             0.57795,             0.15373,             0.36848,             0.24743,            0.054371,            0.060574,            0.033229,            0.009637,            0.009637,            0.009637
                  13,             0.05604,            0.074779,            0.035694,             0.59797,             0.15399,             0.37538,             0.25275,            0.054247,            0.061081,            0.032776,            0.009604,            0.009604,            0.009604
                  14,            0.055728,            0.074372,            0.035189,             0.61074,             0.15606,             0.38463,             0.26064,            0.054062,            0.061406,            0.032246,            0.009571,            0.009571,            0.009571
                  15,            0.055517,            0.074407,            0.034706,             0.61971,             0.16211,             0.39379,             0.26949,            0.053813,            0.061446,            0.031644,            0.009538,            0.009538,            0.009538
                  16,            0.055313,            0.074222,            0.034308,             0.63155,             0.16848,             0.40209,             0.27728,            0.053508,            0.061228,            0.030985,            0.009505,            0.009505,            0.009505
                  17,            0.054957,            0.073731,            0.033944,             0.64559,               0.178,             0.41469,             0.28564,            0.053163,            0.060895,            0.030314,            0.009472,            0.009472,            0.009472
                  18,            0.054842,            0.073674,            0.033629,             0.65192,              0.1879,             0.42202,             0.29128,            0.052791,            0.060446,            0.029651,            0.009439,            0.009439,            0.009439
                  19,            0.054589,            0.073391,            0.033304,             0.66565,              0.1968,             0.43081,             0.29872,            0.052403,            0.059916,            0.029013,            0.009406,            0.009406,            0.009406
                  20,            0.054533,            0.073298,            0.033012,             0.68562,             0.20823,             0.44537,             0.30754,            0.052003,            0.059336,             0.02839,            0.009373,            0.009373,            0.009373
                  21,            0.054291,            0.073347,            0.032718,             0.67112,             0.22163,             0.45221,             0.31298,            0.051615,            0.058673,            0.027783,             0.00934,             0.00934,             0.00934
                  22,            0.054219,             0.07311,            0.032569,             0.68484,             0.23415,             0.46572,             0.32344,             0.05123,            0.057978,             0.02723,            0.009307,            0.009307,            0.009307
                  23,            0.054074,            0.073015,            0.032158,             0.69232,             0.24608,             0.47609,             0.33174,            0.050857,            0.057337,            0.026707,            0.009274,            0.009274,            0.009274
                  24,            0.053964,            0.072965,            0.032045,             0.68926,             0.25792,             0.48059,             0.33533,            0.050505,             0.05672,            0.026214,            0.009241,            0.009241,            0.009241
                  25,            0.053864,            0.072826,            0.031805,             0.69075,             0.27028,             0.48785,             0.34057,            0.050169,            0.056158,            0.025757,            0.009208,            0.009208,            0.009208
                  26,            0.053727,            0.073037,            0.031642,             0.69312,             0.28302,             0.49644,             0.34731,            0.049841,            0.055646,            0.025337,            0.009175,            0.009175,            0.009175
                  27,            0.053689,            0.072614,            0.031473,             0.68894,             0.29304,             0.50051,             0.35199,            0.049549,             0.05517,             0.02495,            0.009142,            0.009142,            0.009142
                  28,            0.053447,            0.072597,            0.031277,             0.68765,             0.30386,             0.50555,              0.3561,            0.049279,            0.054734,            0.024608,            0.009109,            0.009109,            0.009109
                  29,            0.053481,            0.072301,            0.031132,             0.69458,              0.3122,             0.51404,             0.36042,            0.049011,            0.054341,            0.024269,            0.009076,            0.009076,            0.009076
                  30,             0.05329,             0.07226,            0.031002,             0.69547,             0.32162,              0.5199,             0.36497,            0.048783,            0.053998,            0.023967,            0.009043,            0.009043,            0.009043
                  31,            0.053262,            0.072355,            0.030828,             0.68754,             0.33038,             0.52141,             0.36597,            0.048564,            0.053679,            0.023676,             0.00901,             0.00901,             0.00901
                  32,            0.053138,            0.072361,            0.030717,             0.67833,              0.3387,             0.52095,             0.36639,            0.048366,            0.053391,            0.023432,            0.008977,            0.008977,            0.008977
                  33,            0.053029,            0.072094,            0.030639,             0.66799,             0.34518,             0.52055,             0.36662,            0.048181,             0.05313,            0.023196,            0.008944,            0.008944,            0.008944
                  34,            0.052961,            0.072005,            0.030435,             0.66858,             0.35123,             0.52483,             0.36584,            0.048006,            0.052904,            0.022973,            0.008911,            0.008911,            0.008911
                  35,            0.052826,            0.071738,            0.030293,             0.66847,             0.35858,             0.52842,             0.36884,            0.047854,            0.052698,            0.022764,            0.008878,            0.008878,            0.008878
                  36,            0.052816,            0.071919,            0.030197,             0.66611,             0.36547,             0.53113,              0.3705,            0.047705,            0.052526,            0.022582,            0.008845,            0.008845,            0.008845
                  37,            0.052777,            0.071511,            0.030198,             0.66048,             0.37167,              0.5324,             0.37092,            0.047571,             0.05236,            0.022404,            0.008812,            0.008812,            0.008812
                  38,            0.052711,            0.071734,            0.030079,              0.6558,             0.37706,             0.53381,             0.37319,            0.047445,            0.052223,            0.022256,            0.008779,            0.008779,            0.008779
                  39,            0.052616,             0.07157,            0.029808,             0.65584,             0.38057,             0.53461,              0.3732,            0.047332,             0.05208,            0.022126,            0.008746,            0.008746,            0.008746
                  40,             0.05254,            0.071883,            0.029763,             0.64921,               0.386,             0.53491,             0.37476,            0.047224,            0.051969,            0.021987,            0.008713,            0.008713,            0.008713
                  41,            0.052527,            0.071663,            0.029746,              0.6396,             0.39222,             0.53463,              0.3753,            0.047127,             0.05187,            0.021855,             0.00868,             0.00868,             0.00868
                  42,            0.052459,            0.071778,            0.029532,             0.63699,              0.3962,             0.53534,             0.37657,            0.047026,            0.051761,            0.021717,            0.008647,            0.008647,            0.008647
                  43,            0.052416,            0.071416,            0.029574,             0.63547,             0.39824,              0.5354,             0.37754,            0.046935,            0.051666,            0.021586,            0.008614,            0.008614,            0.008614
                  44,            0.052368,            0.071501,            0.029352,             0.63142,             0.40121,             0.53536,             0.37715,            0.046848,            0.051585,            0.021463,            0.008581,            0.008581,            0.008581
                  45,            0.052273,            0.071457,            0.029366,             0.63188,             0.40561,             0.53839,             0.37879,             0.04677,            0.051516,            0.021363,            0.008548,            0.008548,            0.008548
                  46,            0.052234,             0.07128,            0.029275,             0.63292,             0.40941,             0.54113,             0.38098,            0.046695,             0.05145,            0.021262,            0.008515,            0.008515,            0.008515
                  47,            0.052109,            0.071128,            0.029158,             0.63297,             0.41189,             0.54243,             0.38154,            0.046624,            0.051369,            0.021159,            0.008482,            0.008482,            0.008482
                  48,            0.052153,            0.071346,            0.029059,             0.62908,             0.41518,             0.54185,             0.38215,            0.046563,            0.051317,             0.02108,            0.008449,            0.008449,            0.008449
                  49,            0.052116,            0.071346,            0.029037,             0.62611,             0.41629,             0.54175,             0.38247,            0.046499,            0.051257,            0.021009,            0.008416,            0.008416,            0.008416
                  50,             0.05201,            0.071223,            0.028993,             0.62605,             0.41922,             0.54429,             0.38367,            0.046442,            0.051201,            0.020929,            0.008383,            0.008383,            0.008383
                  51,            0.051903,            0.071036,            0.028843,             0.62371,             0.42179,             0.54468,             0.38467,            0.046386,            0.051143,            0.020843,             0.00835,             0.00835,             0.00835
                  52,            0.051912,            0.071312,             0.02881,             0.62252,             0.42359,             0.54494,             0.38508,            0.046335,            0.051089,            0.020817,            0.008317,            0.008317,            0.008317
                  53,            0.051906,             0.07112,            0.028739,             0.62022,              0.4253,             0.54533,              0.3862,            0.046277,            0.051039,            0.020731,            0.008284,            0.008284,            0.008284
                  54,            0.051832,            0.070761,            0.028611,             0.61883,             0.42835,             0.54646,             0.38615,            0.046214,            0.050997,            0.020649,            0.008251,            0.008251,            0.008251
                  55,            0.051789,            0.071031,            0.028538,             0.61718,             0.43117,             0.54739,             0.38655,            0.046157,            0.050956,            0.020568,            0.008218,            0.008218,            0.008218
                  56,            0.051752,            0.071091,            0.028507,              0.6174,             0.43303,              0.5484,             0.38701,            0.046101,             0.05092,              0.0205,            0.008185,            0.008185,            0.008185
                  57,            0.051672,            0.070953,            0.028507,              0.6173,             0.43599,             0.54979,             0.38824,            0.046051,            0.050877,            0.020426,            0.008152,            0.008152,            0.008152
                  58,            0.051662,            0.070887,            0.028411,             0.61542,             0.43665,             0.54994,             0.38866,            0.046004,            0.050843,            0.020345,            0.008119,            0.008119,            0.008119
                  59,            0.051579,            0.070687,            0.028366,             0.61846,             0.43891,             0.55252,             0.38956,            0.045958,            0.050809,            0.020281,            0.008086,            0.008086,            0.008086
                  60,            0.051548,            0.070711,             0.02828,             0.61578,             0.44139,             0.55316,             0.39025,            0.045917,            0.050775,            0.020236,            0.008053,            0.008053,            0.008053
                  61,            0.051561,            0.070741,            0.028196,             0.61742,             0.44268,             0.55459,             0.39072,            0.045877,            0.050743,            0.020197,             0.00802,             0.00802,             0.00802
                  62,            0.051503,            0.070825,            0.028242,             0.61274,             0.44418,             0.55443,             0.39099,            0.045833,            0.050722,            0.020165,            0.007987,            0.007987,            0.007987
                  63,            0.051473,            0.070559,            0.028201,             0.61291,              0.4452,              0.5544,             0.39143,            0.045796,            0.050699,             0.02013,            0.007954,            0.007954,            0.007954
                  64,            0.051464,            0.070725,            0.028071,             0.61307,             0.44677,             0.55502,             0.39283,            0.045762,             0.05066,            0.020089,            0.007921,            0.007921,            0.007921
                  65,            0.051326,            0.070429,            0.027931,             0.61169,             0.44845,             0.55581,             0.39292,            0.045723,            0.050635,             0.02003,            0.007888,            0.007888,            0.007888
                  66,            0.051409,            0.070666,            0.027997,             0.61629,             0.45105,             0.55888,             0.39452,            0.045688,            0.050604,            0.019991,            0.007855,            0.007855,            0.007855
                  67,            0.051332,            0.070303,            0.027969,             0.61467,             0.45278,             0.55881,             0.39493,            0.045657,            0.050584,            0.019941,            0.007822,            0.007822,            0.007822
                  68,            0.051357,            0.070684,            0.027971,             0.61135,             0.45409,             0.55796,              0.3949,            0.045629,            0.050567,            0.019899,            0.007789,            0.007789,            0.007789
                  69,            0.051262,            0.070566,            0.027825,             0.61152,             0.45432,              0.5585,             0.39551,            0.045594,            0.050543,            0.019866,            0.007756,            0.007756,            0.007756
                  70,            0.051214,            0.070552,            0.027744,             0.60912,             0.45628,             0.55855,             0.39543,            0.045558,            0.050512,            0.019822,            0.007723,            0.007723,            0.007723
                  71,            0.051161,            0.070545,            0.027757,             0.60887,             0.45686,             0.55896,             0.39595,            0.045523,            0.050481,             0.01978,             0.00769,             0.00769,             0.00769
                  72,            0.051144,            0.070645,             0.02771,             0.60884,             0.45754,             0.55872,             0.39595,            0.045486,            0.050444,            0.019734,            0.007657,            0.007657,            0.007657
                  73,            0.051151,             0.07042,            0.027682,             0.61212,             0.45896,             0.56064,             0.39758,            0.045449,            0.050424,            0.019692,            0.007624,            0.007624,            0.007624
                  74,            0.051105,             0.07032,            0.027519,             0.61348,             0.45908,              0.5615,              0.3987,            0.045415,            0.050399,            0.019649,            0.007591,            0.007591,            0.007591
                  75,            0.051097,            0.070269,            0.027451,             0.61225,             0.46127,             0.56223,             0.39882,            0.045388,            0.050379,            0.019602,            0.007558,            0.007558,            0.007558
                  76,            0.050976,            0.069988,            0.027559,             0.61142,             0.46195,             0.56232,             0.39856,            0.045353,            0.050358,             0.01957,            0.007525,            0.007525,            0.007525
                  77,            0.051035,            0.070415,             0.02748,             0.61296,             0.46336,             0.56388,             0.39972,            0.045316,            0.050349,            0.019525,            0.007492,            0.007492,            0.007492
                  78,            0.050888,             0.07019,            0.027372,             0.61285,             0.46437,             0.56414,             0.40004,            0.045282,            0.050338,            0.019472,            0.007459,            0.007459,            0.007459
                  79,            0.050908,            0.070226,             0.02733,             0.61312,             0.46431,             0.56466,             0.40013,            0.045243,            0.050324,            0.019428,            0.007426,            0.007426,            0.007426
                  80,            0.050935,            0.070175,            0.027391,             0.61237,             0.46524,             0.56499,             0.39988,            0.045218,            0.050308,            0.019388,            0.007393,            0.007393,            0.007393
                  81,            0.050879,            0.070279,            0.027355,             0.61681,             0.46566,             0.56629,             0.40096,            0.045194,            0.050281,            0.019349,             0.00736,             0.00736,             0.00736
                  82,            0.050806,            0.070019,            0.027296,             0.61644,             0.46633,             0.56692,             0.40177,            0.045168,            0.050259,            0.019306,            0.007327,            0.007327,            0.007327
                  83,            0.050778,            0.070154,            0.027248,             0.61549,             0.46819,             0.56732,             0.40134,            0.045135,            0.050241,            0.019255,            0.007294,            0.007294,            0.007294
                  84,            0.050818,            0.069957,            0.027138,             0.61654,             0.46605,             0.56688,             0.40183,            0.045109,            0.050225,            0.019228,            0.007261,            0.007261,            0.007261
                  85,            0.050703,            0.070045,            0.027108,             0.61598,             0.46834,             0.56824,             0.40308,            0.045079,            0.050196,            0.019201,            0.007228,            0.007228,            0.007228
                  86,            0.050676,            0.069893,            0.027106,             0.62382,             0.46512,             0.56803,             0.40273,            0.045056,            0.050178,            0.019162,            0.007195,            0.007195,            0.007195
                  87,            0.050685,            0.070085,            0.027021,             0.62475,             0.46661,             0.56904,             0.40377,            0.045031,            0.050163,            0.019131,            0.007162,            0.007162,            0.007162
                  88,            0.050664,            0.070135,            0.026922,             0.61349,             0.47256,             0.56946,               0.404,             0.04501,            0.050153,            0.019118,            0.007129,            0.007129,            0.007129
                  89,            0.050597,            0.070101,            0.026941,             0.62189,             0.46854,             0.56972,             0.40484,            0.044993,            0.050135,            0.019102,            0.007096,            0.007096,            0.007096
                  90,            0.050524,            0.069739,            0.026867,             0.61542,             0.47235,             0.57062,             0.40523,            0.044977,            0.050119,            0.019071,            0.007063,            0.007063,            0.007063
                  91,            0.050519,            0.069847,            0.026903,             0.61591,             0.47249,             0.57102,             0.40571,            0.044956,            0.050106,            0.019035,             0.00703,             0.00703,             0.00703
                  92,            0.050492,            0.069905,            0.026795,             0.61646,             0.47309,             0.57178,             0.40628,            0.044936,            0.050099,            0.019016,            0.006997,            0.006997,            0.006997
                  93,            0.050475,            0.069827,            0.026675,             0.62654,             0.46824,             0.57055,             0.40554,            0.044922,             0.05009,            0.018994,            0.006964,            0.006964,            0.006964
                  94,            0.050469,             0.06959,            0.026725,             0.62137,             0.47149,             0.57184,             0.40728,            0.044909,            0.050072,               0.019,            0.006931,            0.006931,            0.006931
                  95,            0.050404,            0.069736,            0.026668,             0.61938,             0.47418,             0.57286,             0.40784,            0.044888,            0.050058,            0.018975,            0.006898,            0.006898,            0.006898
                  96,            0.050366,            0.069982,            0.026641,              0.6218,             0.47213,             0.57244,             0.40713,            0.044862,            0.050036,            0.018936,            0.006865,            0.006865,            0.006865
                  97,            0.050316,             0.06974,            0.026628,             0.61868,             0.47342,             0.57285,              0.4079,            0.044844,             0.05001,            0.018901,            0.006832,            0.006832,            0.006832
                  98,            0.050348,            0.069734,            0.026519,             0.63892,             0.46466,             0.57301,             0.40757,            0.044828,            0.049992,            0.018858,            0.006799,            0.006799,            0.006799
                  99,            0.050331,            0.069754,            0.026585,             0.61567,             0.47892,              0.5752,             0.40883,            0.044806,            0.049978,            0.018823,            0.006766,            0.006766,            0.006766
                 100,            0.050264,            0.069649,            0.026516,              0.6356,               0.468,             0.57413,             0.40867,             0.04478,            0.049971,            0.018783,            0.006733,            0.006733,            0.006733
                 101,            0.050218,            0.069844,              0.0265,             0.63528,             0.46916,             0.57475,             0.40902,            0.044761,            0.049961,            0.018755,              0.0067,              0.0067,              0.0067
                 102,            0.050209,            0.069649,            0.026428,             0.61504,             0.47811,             0.57445,             0.40939,            0.044754,            0.049941,            0.018719,            0.006667,            0.006667,            0.006667
                 103,            0.050204,              0.0696,            0.026412,             0.61274,             0.47865,             0.57394,             0.40972,            0.044756,            0.049937,            0.018702,            0.006634,            0.006634,            0.006634
                 104,            0.050156,             0.06961,            0.026321,             0.61743,             0.47665,             0.57384,             0.40953,            0.044741,            0.049927,            0.018684,            0.006601,            0.006601,            0.006601
                 105,            0.050129,            0.069491,             0.02637,             0.62142,             0.47515,             0.57368,             0.40932,             0.04472,            0.049916,            0.018673,            0.006568,            0.006568,            0.006568
                 106,            0.050148,            0.069486,            0.026314,             0.62385,             0.47391,             0.57373,             0.40951,            0.044701,              0.0499,            0.018666,            0.006535,            0.006535,            0.006535
                 107,            0.050149,            0.069394,            0.026183,              0.6183,             0.47717,             0.57399,             0.41024,            0.044681,            0.049883,            0.018654,            0.006502,            0.006502,            0.006502
                 108,            0.050161,            0.069645,            0.026179,             0.62932,             0.47247,             0.57446,             0.41043,             0.04466,            0.049859,             0.01865,            0.006469,            0.006469,            0.006469
                 109,            0.050009,            0.069351,             0.02605,              0.6163,             0.47995,             0.57471,             0.41079,            0.044656,            0.049846,            0.018639,            0.006436,            0.006436,            0.006436
                 110,            0.049961,            0.069378,            0.026154,             0.61149,             0.48152,             0.57422,             0.41109,             0.04464,            0.049834,            0.018625,            0.006403,            0.006403,            0.006403
                 111,            0.049999,            0.069314,            0.026071,             0.61033,              0.4829,             0.57498,             0.41118,            0.044622,            0.049823,            0.018588,             0.00637,             0.00637,             0.00637
                 112,            0.050002,            0.069509,            0.025983,             0.61728,             0.48054,             0.57556,             0.41203,            0.044605,            0.049824,            0.018582,            0.006337,            0.006337,            0.006337
                 113,            0.049937,            0.069187,             0.02603,             0.62551,             0.47606,             0.57544,             0.41226,            0.044592,            0.049818,            0.018572,            0.006304,            0.006304,            0.006304
                 114,            0.049982,            0.069572,            0.025879,             0.61123,             0.48527,             0.57644,             0.41284,            0.044567,            0.049814,            0.018548,            0.006271,            0.006271,            0.006271
                 115,            0.049852,            0.069048,            0.025967,             0.61177,             0.48545,             0.57696,             0.41338,            0.044553,            0.049799,            0.018516,            0.006238,            0.006238,            0.006238
                 116,            0.049812,             0.06924,             0.02593,             0.61268,             0.48622,             0.57753,             0.41313,            0.044542,            0.049778,            0.018499,            0.006205,            0.006205,            0.006205
                 117,            0.049892,            0.069504,             0.02588,             0.61174,             0.48482,             0.57713,             0.41328,             0.04455,            0.049748,            0.018502,            0.006172,            0.006172,            0.006172
                 118,            0.049783,            0.069385,            0.025827,             0.61904,             0.48177,             0.57762,             0.41317,            0.044532,            0.049746,            0.018472,            0.006139,            0.006139,            0.006139
                 119,            0.049796,            0.069124,            0.025745,             0.62421,             0.48108,             0.57884,             0.41406,            0.044511,            0.049727,            0.018435,            0.006106,            0.006106,            0.006106
                 120,            0.049733,            0.068869,            0.025778,             0.61153,             0.48765,             0.57886,             0.41427,            0.044493,            0.049713,            0.018394,            0.006073,            0.006073,            0.006073
                 121,            0.049789,            0.069063,             0.02564,             0.60967,             0.48771,              0.5785,             0.41393,            0.044479,            0.049704,            0.018374,             0.00604,             0.00604,             0.00604
                 122,            0.049677,             0.06918,            0.025741,             0.61176,             0.48594,             0.57833,             0.41395,            0.044465,            0.049692,            0.018348,            0.006007,            0.006007,            0.006007
                 123,            0.049691,            0.069172,            0.025671,              0.6113,             0.48668,             0.57844,              0.4139,             0.04445,            0.049686,             0.01832,            0.005974,            0.005974,            0.005974
                 124,            0.049623,            0.069117,            0.025683,             0.60903,              0.4884,             0.57868,             0.41446,             0.04443,            0.049676,            0.018307,            0.005941,            0.005941,            0.005941
                 125,            0.049595,            0.069104,            0.025512,             0.61412,             0.48844,             0.57977,             0.41477,            0.044421,             0.04967,              0.0183,            0.005908,            0.005908,            0.005908
                 126,            0.049606,            0.068923,            0.025514,             0.61475,             0.48845,             0.58032,             0.41533,            0.044408,            0.049656,            0.018265,            0.005875,            0.005875,            0.005875
                 127,            0.049565,            0.069051,            0.025481,             0.60826,             0.49092,             0.57948,             0.41521,            0.044391,             0.04965,            0.018246,            0.005842,            0.005842,            0.005842
                 128,            0.049603,            0.068921,            0.025604,             0.61696,             0.48671,             0.57998,             0.41524,            0.044372,             0.04963,            0.018239,            0.005809,            0.005809,            0.005809
                 129,             0.04951,            0.068987,            0.025429,             0.61868,             0.48602,             0.58016,             0.41554,            0.044349,            0.049616,            0.018213,            0.005776,            0.005776,            0.005776
                 130,            0.049482,            0.068938,            0.025347,             0.61023,             0.49181,             0.58141,              0.4161,            0.044335,            0.049608,            0.018201,            0.005743,            0.005743,            0.005743
                 131,            0.049584,            0.069072,            0.025483,             0.62036,             0.48752,             0.58189,             0.41671,            0.044321,            0.049593,            0.018191,             0.00571,             0.00571,             0.00571
                 132,            0.049471,             0.06892,            0.025295,             0.61346,             0.49337,             0.58339,             0.41778,            0.044312,            0.049581,            0.018171,            0.005677,            0.005677,            0.005677
                 133,            0.049458,            0.068954,            0.025318,             0.61611,             0.49287,             0.58376,             0.41779,              0.0443,            0.049572,            0.018154,            0.005644,            0.005644,            0.005644
                 134,            0.049435,            0.069048,             0.02519,             0.61322,             0.49446,              0.5837,             0.41808,            0.044294,            0.049561,            0.018149,            0.005611,            0.005611,            0.005611
                 135,            0.049415,            0.068991,            0.025179,             0.61963,             0.49138,             0.58373,             0.41842,            0.044284,            0.049551,            0.018143,            0.005578,            0.005578,            0.005578
                 136,            0.049359,            0.068757,            0.025195,             0.62015,             0.48845,             0.58269,             0.41812,            0.044268,            0.049542,            0.018107,            0.005545,            0.005545,            0.005545
                 137,            0.049395,            0.068922,            0.025107,             0.64222,             0.47872,             0.58281,             0.41857,            0.044252,            0.049539,            0.018082,            0.005512,            0.005512,            0.005512
                 138,            0.049262,             0.06863,            0.025187,             0.61675,             0.49394,             0.58458,             0.42021,            0.044238,            0.049529,            0.018069,            0.005479,            0.005479,            0.005479
                 139,            0.049306,            0.068597,            0.025035,             0.61931,             0.49281,             0.58506,             0.42058,            0.044221,            0.049506,            0.018067,            0.005446,            0.005446,            0.005446
                 140,            0.049212,            0.068764,            0.024994,             0.61389,             0.49823,             0.58643,             0.42054,            0.044204,            0.049486,            0.018057,            0.005413,            0.005413,            0.005413
                 141,            0.049227,            0.068749,            0.025003,             0.61271,              0.4976,              0.5856,             0.42048,            0.044184,            0.049467,            0.018048,             0.00538,             0.00538,             0.00538
                 142,            0.049184,            0.068897,             0.02488,             0.61355,             0.49685,             0.58558,             0.42075,            0.044173,            0.049453,            0.018027,            0.005347,            0.005347,            0.005347
                 143,            0.049181,            0.068596,            0.024965,             0.61541,             0.49759,             0.58655,               0.421,            0.044154,            0.049439,            0.017994,            0.005314,            0.005314,            0.005314
                 144,            0.049105,            0.068562,            0.024864,             0.61298,             0.49986,             0.58743,             0.42143,            0.044138,            0.049426,            0.017953,            0.005281,            0.005281,            0.005281
                 145,            0.049136,            0.068593,            0.024905,             0.62916,              0.4907,             0.58711,             0.42107,            0.044123,            0.049413,            0.017915,            0.005248,            0.005248,            0.005248
                 146,            0.049124,            0.068381,            0.024851,             0.61428,             0.50147,             0.58861,             0.42166,            0.044104,             0.04939,            0.017884,            0.005215,            0.005215,            0.005215
                 147,            0.049104,            0.068786,            0.024827,             0.62146,             0.49636,             0.58768,             0.42133,            0.044095,            0.049382,            0.017851,            0.005182,            0.005182,            0.005182
                 148,            0.049035,            0.068513,            0.024807,             0.61079,             0.50124,             0.58683,             0.42136,            0.044082,            0.049372,            0.017833,            0.005149,            0.005149,            0.005149
                 149,            0.049017,            0.068356,             0.02478,             0.63883,             0.48658,             0.58655,             0.42136,            0.044067,            0.049365,             0.01782,            0.005116,            0.005116,            0.005116
                 150,            0.048973,            0.068448,            0.024648,             0.62108,             0.49525,             0.58705,             0.42166,            0.044053,            0.049349,            0.017805,            0.005083,            0.005083,            0.005083
                 151,            0.048989,            0.068612,            0.024699,             0.62922,             0.49213,             0.58729,             0.42217,            0.044045,            0.049338,            0.017791,             0.00505,             0.00505,             0.00505
                 152,            0.048956,            0.068509,            0.024559,             0.62868,             0.49199,             0.58745,             0.42282,            0.044031,            0.049325,            0.017768,            0.005017,            0.005017,            0.005017
                 153,            0.048885,              0.0684,            0.024605,             0.63372,             0.49148,             0.58817,             0.42288,            0.044021,            0.049319,             0.01775,            0.004984,            0.004984,            0.004984
                 154,            0.048917,            0.068203,             0.02457,             0.63713,             0.49084,             0.58868,             0.42374,             0.04401,            0.049305,            0.017742,            0.004951,            0.004951,            0.004951
                 155,            0.048873,            0.068517,            0.024541,             0.61505,              0.5028,             0.58915,             0.42387,            0.044002,            0.049308,             0.01775,            0.004918,            0.004918,            0.004918
                 156,            0.048928,            0.068396,            0.024505,             0.62466,             0.49814,             0.58969,             0.42314,            0.044002,            0.049311,            0.017749,            0.004885,            0.004885,            0.004885
                 157,            0.048862,            0.068279,              0.0245,             0.61329,             0.50656,             0.59086,             0.42375,            0.043994,            0.049304,            0.017733,            0.004852,            0.004852,            0.004852
                 158,            0.048778,            0.068338,            0.024421,             0.61192,             0.50653,             0.59019,             0.42347,            0.043981,            0.049297,            0.017713,            0.004819,            0.004819,            0.004819
                 159,            0.048745,            0.068223,            0.024433,             0.63143,             0.49512,             0.58988,             0.42342,            0.043967,             0.04929,            0.017709,            0.004786,            0.004786,            0.004786
                 160,            0.048718,            0.068496,            0.024288,             0.61262,             0.50569,             0.59026,             0.42407,            0.043952,            0.049284,            0.017694,            0.004753,            0.004753,            0.004753
                 161,            0.048743,             0.06839,            0.024387,             0.62297,             0.49891,             0.58984,             0.42399,            0.043929,            0.049268,            0.017683,             0.00472,             0.00472,             0.00472
                 162,            0.048718,            0.067995,            0.024259,             0.63013,             0.49609,             0.59044,             0.42384,            0.043908,            0.049253,            0.017667,            0.004687,            0.004687,            0.004687
                 163,            0.048623,             0.06797,            0.024227,             0.61742,             0.50212,             0.59051,             0.42404,            0.043893,            0.049234,            0.017636,            0.004654,            0.004654,            0.004654
                 164,            0.048728,             0.06831,            0.024249,             0.61402,             0.50687,             0.59217,             0.42514,            0.043882,             0.04922,            0.017609,            0.004621,            0.004621,            0.004621
                 165,            0.048617,            0.068119,            0.024129,             0.63819,             0.49437,             0.59251,             0.42553,            0.043869,            0.049205,            0.017586,            0.004588,            0.004588,            0.004588
                 166,            0.048664,            0.068174,            0.024112,             0.61623,             0.50734,             0.59313,             0.42583,            0.043853,            0.049198,            0.017561,            0.004555,            0.004555,            0.004555
                 167,            0.048618,            0.068134,            0.024153,             0.61647,             0.50896,             0.59427,             0.42649,            0.043842,            0.049191,             0.01755,            0.004522,            0.004522,            0.004522
                 168,            0.048545,            0.068015,            0.024101,             0.61955,             0.50446,             0.59293,             0.42638,            0.043831,            0.049189,            0.017531,            0.004489,            0.004489,            0.004489
                 169,             0.04853,            0.068154,            0.023966,             0.64623,             0.49168,             0.59298,             0.42636,            0.043821,            0.049175,            0.017523,            0.004456,            0.004456,            0.004456
                 170,            0.048457,            0.067999,            0.024044,             0.64573,             0.49174,             0.59318,             0.42642,             0.04382,             0.04917,            0.017511,            0.004423,            0.004423,            0.004423
                 171,            0.048458,            0.068134,            0.023894,             0.62114,              0.5055,             0.59413,             0.42711,            0.043808,            0.049149,            0.017489,             0.00439,             0.00439,             0.00439
                 172,            0.048422,            0.067861,            0.023943,             0.61652,             0.50725,             0.59374,              0.4267,            0.043798,            0.049154,            0.017474,            0.004357,            0.004357,            0.004357
                 173,             0.04848,               0.068,            0.023848,             0.62138,             0.50878,             0.59538,             0.42746,            0.043786,            0.049138,            0.017467,            0.004324,            0.004324,            0.004324
                 174,            0.048386,            0.067883,            0.023842,             0.62716,             0.50742,             0.59659,             0.42849,            0.043779,            0.049128,            0.017466,            0.004291,            0.004291,            0.004291
                 175,            0.048374,             0.06769,            0.023901,             0.62164,             0.50936,             0.59628,             0.42892,            0.043771,            0.049115,            0.017447,            0.004258,            0.004258,            0.004258
                 176,            0.048386,            0.068093,            0.023745,             0.63147,             0.50535,             0.59647,             0.42872,            0.043761,              0.0491,            0.017425,            0.004225,            0.004225,            0.004225
                 177,            0.048282,            0.067938,            0.023701,             0.61886,             0.51265,              0.5972,             0.42917,            0.043745,            0.049071,            0.017416,            0.004192,            0.004192,            0.004192
                 178,            0.048301,            0.067892,            0.023642,             0.63326,               0.504,             0.59667,             0.42952,            0.043734,            0.049052,            0.017399,            0.004159,            0.004159,            0.004159
                 179,            0.048278,            0.067818,            0.023712,             0.62932,             0.50712,             0.59722,             0.42958,             0.04373,            0.049042,            0.017393,            0.004126,            0.004126,            0.004126
                 180,            0.048244,            0.067874,            0.023692,             0.62436,              0.5083,             0.59664,             0.42937,            0.043726,            0.049046,            0.017398,            0.004093,            0.004093,            0.004093
                 181,            0.048219,            0.067878,            0.023619,             0.63691,             0.50141,             0.59559,              0.4287,            0.043712,            0.049043,            0.017392,             0.00406,             0.00406,             0.00406
                 182,            0.048186,            0.067697,            0.023509,             0.64441,             0.49815,              0.5958,             0.42947,            0.043703,            0.049026,            0.017382,            0.004027,            0.004027,            0.004027
                 183,            0.048149,            0.067743,            0.023458,             0.63868,             0.50179,             0.59558,             0.42939,            0.043696,            0.049015,            0.017367,            0.003994,            0.003994,            0.003994
                 184,            0.048113,            0.067599,            0.023506,             0.64078,             0.50244,             0.59677,             0.43054,            0.043687,            0.049011,            0.017356,            0.003961,            0.003961,            0.003961
                 185,            0.048123,            0.067698,            0.023354,             0.61868,             0.51431,             0.59721,             0.43082,            0.043679,            0.048998,            0.017338,            0.003928,            0.003928,            0.003928
                 186,            0.048049,            0.067599,            0.023391,             0.62296,             0.51216,             0.59718,             0.43127,            0.043668,            0.048981,            0.017319,            0.003895,            0.003895,            0.003895
                 187,            0.048046,            0.067552,            0.023375,             0.62175,             0.51356,             0.59784,             0.43196,            0.043662,            0.048977,            0.017301,            0.003862,            0.003862,            0.003862
                 188,            0.048061,            0.067872,            0.023321,             0.64607,             0.50186,             0.59805,             0.43194,            0.043641,            0.048979,            0.017277,            0.003829,            0.003829,            0.003829
                 189,            0.048035,            0.067705,            0.023279,             0.64232,             0.50407,             0.59862,             0.43255,            0.043621,            0.048967,            0.017248,            0.003796,            0.003796,            0.003796
                 190,            0.047957,            0.067803,            0.023203,             0.64736,             0.50193,              0.5982,             0.43258,            0.043607,            0.048956,            0.017225,            0.003763,            0.003763,            0.003763
                 191,            0.047959,            0.067471,            0.023155,             0.63297,             0.51014,             0.59905,             0.43341,            0.043589,            0.048948,            0.017217,             0.00373,             0.00373,             0.00373
                 192,            0.047936,            0.067475,              0.0232,             0.63677,             0.50845,             0.59873,             0.43289,             0.04358,            0.048947,              0.0172,            0.003697,            0.003697,            0.003697
                 193,            0.047925,            0.067597,            0.023176,             0.64624,             0.50294,             0.59897,             0.43317,            0.043575,            0.048945,            0.017165,            0.003664,            0.003664,            0.003664
                 194,            0.047869,            0.067589,            0.023105,             0.63151,             0.51267,             0.59996,              0.4339,            0.043564,            0.048943,             0.01712,            0.003631,            0.003631,            0.003631
                 195,            0.047848,            0.067508,            0.023057,             0.64407,             0.50649,             0.60012,             0.43347,            0.043551,            0.048936,            0.017095,            0.003598,            0.003598,            0.003598
                 196,            0.047781,            0.067396,             0.02303,              0.6399,             0.50876,             0.60048,             0.43325,            0.043538,             0.04893,             0.01708,            0.003565,            0.003565,            0.003565
                 197,            0.047789,            0.067503,            0.022928,               0.641,             0.50772,             0.59955,             0.43305,             0.04353,            0.048926,            0.017062,            0.003532,            0.003532,            0.003532
                 198,            0.047797,            0.067487,            0.022896,             0.65509,             0.50034,             0.60002,             0.43353,            0.043514,            0.048917,            0.017066,            0.003499,            0.003499,            0.003499
                 199,            0.047659,            0.067264,            0.022869,             0.64183,             0.51506,             0.60718,             0.43987,            0.043507,            0.048896,            0.017055,            0.003466,            0.003466,            0.003466
                 200,             0.04769,            0.067099,            0.022845,              0.6385,                0.51,             0.60033,             0.43387,            0.043493,            0.048882,            0.017062,            0.003433,            0.003433,            0.003433
                 201,             0.04766,            0.067213,            0.022841,             0.65435,              0.5025,             0.60044,             0.43362,            0.043483,            0.048874,            0.017053,              0.0034,              0.0034,              0.0034
                 202,             0.04766,            0.067235,            0.022818,             0.64688,             0.51384,             0.60825,             0.44029,            0.043475,            0.048869,            0.017042,            0.003367,            0.003367,            0.003367
                 203,            0.047598,            0.067223,            0.022686,             0.65176,             0.51233,             0.60911,             0.44113,            0.043457,            0.048857,            0.017026,            0.003334,            0.003334,            0.003334
                 204,            0.047516,            0.067041,            0.022631,             0.65032,             0.51388,             0.60915,             0.44194,            0.043437,            0.048841,            0.017013,            0.003301,            0.003301,            0.003301
                 205,            0.047552,            0.067068,            0.022681,             0.63949,             0.51326,             0.60295,             0.43607,            0.043431,            0.048825,            0.016994,            0.003268,            0.003268,            0.003268
                 206,            0.047491,            0.067039,            0.022539,              0.6483,              0.5186,             0.61131,             0.44294,            0.043419,            0.048809,            0.016971,            0.003235,            0.003235,            0.003235
                 207,            0.047483,            0.067213,            0.022533,             0.64765,             0.51699,             0.61048,             0.44175,            0.043408,            0.048798,            0.016951,            0.003202,            0.003202,            0.003202
                 208,            0.047469,            0.067005,            0.022463,             0.64276,             0.52245,             0.61229,              0.4436,            0.043398,            0.048793,            0.016918,            0.003169,            0.003169,            0.003169
                 209,            0.047396,            0.067107,            0.022477,             0.64212,             0.52122,             0.61139,              0.4427,            0.043378,            0.048781,            0.016895,            0.003136,            0.003136,            0.003136
                 210,            0.047457,            0.066839,            0.022431,             0.63638,             0.52511,             0.61181,             0.44246,            0.043363,            0.048773,            0.016901,            0.003103,            0.003103,            0.003103
                 211,            0.047345,            0.067052,            0.022298,             0.63078,             0.52735,             0.61185,             0.44214,            0.043356,             0.04876,            0.016902,             0.00307,             0.00307,             0.00307
                 212,            0.047346,            0.066964,            0.022321,             0.64011,             0.52104,             0.61032,             0.44036,            0.043355,            0.048755,            0.016887,            0.003037,            0.003037,            0.003037
                 213,            0.047323,            0.066809,             0.02227,             0.66107,             0.51063,             0.61106,             0.44112,            0.043348,            0.048738,            0.016884,            0.003004,            0.003004,            0.003004
                 214,            0.047324,             0.06688,            0.022269,               0.655,               0.514,             0.61099,             0.44115,             0.04334,            0.048724,            0.016879,            0.002971,            0.002971,            0.002971
                 215,            0.047255,            0.066736,            0.022239,             0.64887,             0.51852,             0.61162,             0.44232,            0.043322,            0.048709,            0.016867,            0.002938,            0.002938,            0.002938
                 216,            0.047195,            0.066991,            0.022096,             0.65397,             0.51544,              0.6117,             0.44248,            0.043312,            0.048695,            0.016858,            0.002905,            0.002905,            0.002905
                 217,            0.047145,            0.066687,            0.022138,             0.65849,             0.51312,             0.61157,             0.44255,            0.043306,            0.048695,            0.016868,            0.002872,            0.002872,            0.002872
                 218,             0.04715,            0.066719,            0.022147,             0.65404,              0.5146,             0.61165,             0.44209,              0.0433,            0.048691,             0.01685,            0.002839,            0.002839,            0.002839
                 219,            0.047181,            0.066811,            0.022046,              0.6495,             0.51787,             0.61148,             0.44197,            0.043287,            0.048696,            0.016831,            0.002806,            0.002806,            0.002806
                 220,            0.047067,            0.066638,            0.021975,             0.63754,             0.52404,              0.6113,             0.44179,            0.043272,            0.048694,            0.016821,            0.002773,            0.002773,            0.002773
                 221,            0.047067,            0.066718,            0.021889,             0.64559,             0.51983,             0.61168,             0.44228,            0.043263,            0.048695,            0.016807,             0.00274,             0.00274,             0.00274
                 222,            0.047004,            0.066433,            0.021962,             0.64271,             0.52199,             0.61156,             0.44188,            0.043255,            0.048686,            0.016788,            0.002707,            0.002707,            0.002707
                 223,            0.047009,            0.066666,             0.02183,             0.63823,             0.52451,             0.61163,             0.44236,            0.043243,            0.048687,            0.016777,            0.002674,            0.002674,            0.002674
                 224,            0.046932,            0.066691,            0.021811,             0.64766,              0.5203,             0.61221,             0.44249,            0.043232,            0.048692,            0.016752,            0.002641,            0.002641,            0.002641
                 225,            0.046883,            0.066377,            0.021765,             0.64092,             0.52357,             0.61195,             0.44169,             0.04321,            0.048687,            0.016733,            0.002608,            0.002608,            0.002608
                 226,            0.046899,            0.066587,            0.021726,             0.64053,             0.52366,             0.61173,             0.44209,            0.043192,             0.04868,            0.016711,            0.002575,            0.002575,            0.002575
                 227,            0.046831,            0.066332,            0.021736,             0.64999,             0.51868,             0.61153,             0.44183,             0.04318,            0.048666,             0.01669,            0.002542,            0.002542,            0.002542
                 228,            0.046793,            0.066274,            0.021702,             0.64035,             0.52546,             0.61219,             0.44261,            0.043172,            0.048654,            0.016667,            0.002509,            0.002509,            0.002509
                 229,            0.046801,            0.066612,            0.021544,             0.64135,             0.52556,             0.61261,             0.44334,            0.043161,            0.048641,            0.016656,            0.002476,            0.002476,            0.002476
                 230,             0.04678,            0.066438,            0.021502,             0.64569,              0.5211,             0.61179,              0.4436,            0.043154,            0.048636,            0.016659,            0.002443,            0.002443,            0.002443
                 231,            0.046742,            0.066149,            0.021481,             0.65373,              0.5173,             0.61286,             0.44385,            0.043148,            0.048625,            0.016653,             0.00241,             0.00241,             0.00241
                 232,            0.046698,            0.066331,            0.021437,             0.64198,             0.52646,             0.61379,             0.44439,            0.043141,            0.048615,            0.016637,            0.002377,            0.002377,            0.002377
                 233,            0.046715,            0.066261,             0.02144,             0.65316,             0.52161,             0.61417,             0.44583,            0.043137,            0.048609,            0.016622,            0.002344,            0.002344,            0.002344
                 234,            0.046624,            0.065963,            0.021315,             0.65278,             0.52272,             0.61499,             0.44535,            0.043128,            0.048599,            0.016605,            0.002311,            0.002311,            0.002311
                 235,            0.046552,            0.066029,            0.021342,             0.65433,             0.52158,             0.61418,             0.44448,            0.043114,            0.048586,            0.016581,            0.002278,            0.002278,            0.002278
                 236,             0.04652,            0.066114,            0.021189,             0.65555,             0.52236,             0.61585,             0.44653,              0.0431,            0.048575,            0.016556,            0.002245,            0.002245,            0.002245
                 237,            0.046556,            0.066077,            0.021261,              0.6574,             0.52153,             0.61436,             0.44541,            0.043086,             0.04857,            0.016546,            0.002212,            0.002212,            0.002212
                 238,            0.046429,            0.066206,            0.021167,             0.65125,             0.52629,             0.61558,              0.4459,            0.043071,            0.048558,            0.016544,            0.002179,            0.002179,            0.002179
                 239,            0.046412,            0.065911,            0.021063,             0.65202,             0.52514,             0.61583,             0.44657,            0.043056,            0.048545,            0.016542,            0.002146,            0.002146,            0.002146
                 240,            0.046402,             0.06587,            0.021008,             0.66906,             0.51659,             0.61554,             0.44669,            0.043041,            0.048532,            0.016529,            0.002113,            0.002113,            0.002113
                 241,            0.046311,            0.065599,             0.02102,             0.64755,              0.5307,             0.61774,             0.44785,            0.043036,            0.048521,            0.016512,             0.00208,             0.00208,             0.00208
                 242,            0.046288,            0.065728,            0.020956,             0.65277,             0.52641,             0.61634,              0.4472,            0.043023,            0.048513,            0.016484,            0.002047,            0.002047,            0.002047
                 243,            0.046248,            0.066003,            0.020913,             0.63949,             0.53312,             0.61633,             0.44755,            0.043007,            0.048507,            0.016449,            0.002014,            0.002014,            0.002014
                 244,            0.046245,             0.06572,             0.02083,             0.65434,             0.52803,             0.61854,             0.44898,            0.043001,            0.048488,            0.016427,            0.001981,            0.001981,            0.001981
                 245,            0.046168,            0.065802,            0.020828,             0.66856,             0.51982,              0.6187,             0.44948,            0.042998,            0.048462,            0.016415,            0.001948,            0.001948,            0.001948
                 246,            0.046145,            0.065795,            0.020745,              0.6665,             0.51925,             0.61742,             0.44775,            0.042989,            0.048456,            0.016398,            0.001915,            0.001915,            0.001915
                 247,            0.046164,            0.065582,            0.020631,             0.66361,             0.52174,             0.61806,             0.44858,            0.042987,            0.048444,            0.016377,            0.001882,            0.001882,            0.001882
                 248,            0.046027,            0.065587,            0.020619,             0.67551,              0.5155,             0.61725,             0.44864,            0.042982,            0.048437,            0.016345,            0.001849,            0.001849,            0.001849
                 249,            0.045985,            0.065452,            0.020483,             0.66357,             0.52173,             0.61707,             0.44859,            0.042978,            0.048422,            0.016328,            0.001816,            0.001816,            0.001816
                 250,            0.045969,            0.065461,            0.020565,             0.66766,             0.51975,             0.61795,              0.4487,            0.042963,            0.048415,             0.01632,            0.001783,            0.001783,            0.001783
                 251,            0.045938,            0.065468,             0.02039,             0.67424,             0.51603,             0.61744,             0.44838,            0.042953,            0.048403,            0.016324,             0.00175,             0.00175,             0.00175
                 252,            0.045931,            0.065606,            0.020452,             0.67936,             0.51348,             0.61712,             0.44913,            0.042945,            0.048385,            0.016316,            0.001717,            0.001717,            0.001717
                 253,            0.045844,            0.065302,            0.020304,             0.67874,             0.51338,             0.61751,             0.44843,            0.042942,            0.048381,            0.016321,            0.001684,            0.001684,            0.001684
                 254,            0.045812,            0.065223,            0.020324,             0.66507,             0.52163,             0.61846,              0.4491,            0.042929,             0.04837,            0.016317,            0.001651,            0.001651,            0.001651
                 255,            0.045766,            0.065317,            0.020203,             0.67347,               0.517,             0.61832,             0.44927,            0.042918,            0.048364,             0.01633,            0.001618,            0.001618,            0.001618
                 256,            0.045721,            0.065144,            0.020161,              0.6778,             0.51553,             0.61884,             0.44944,            0.042907,            0.048367,             0.01634,            0.001585,            0.001585,            0.001585
                 257,            0.045633,            0.064902,              0.0201,             0.65734,              0.5261,             0.61834,             0.44861,            0.042902,             0.04837,            0.016334,            0.001552,            0.001552,            0.001552
                 258,            0.045661,            0.065216,            0.020035,             0.64773,             0.53143,             0.61819,              0.4489,             0.04289,            0.048372,            0.016316,            0.001519,            0.001519,            0.001519
                 259,            0.045536,            0.065029,            0.020039,             0.65043,              0.5293,             0.61828,             0.44962,            0.042887,            0.048369,            0.016314,            0.001486,            0.001486,            0.001486
                 260,            0.045525,            0.065087,            0.019945,             0.66032,             0.52312,             0.61814,             0.44915,            0.042882,             0.04837,            0.016318,            0.001453,            0.001453,            0.001453
                 261,            0.045429,            0.064914,            0.019836,             0.65214,             0.52889,             0.61835,             0.44993,            0.042866,            0.048369,            0.016302,             0.00142,             0.00142,             0.00142
                 262,            0.045362,            0.064583,            0.019852,             0.66614,             0.52061,             0.61778,             0.45007,            0.042858,            0.048368,            0.016285,            0.001387,            0.001387,            0.001387
                 263,            0.045394,             0.06484,            0.019818,             0.67093,             0.52176,              0.6196,             0.45202,            0.042855,            0.048366,            0.016283,            0.001354,            0.001354,            0.001354
                 264,            0.045276,            0.064724,            0.019612,             0.66545,             0.52555,              0.6199,             0.45221,            0.042851,            0.048359,            0.016287,            0.001321,            0.001321,            0.001321
                 265,            0.045241,            0.064663,            0.019611,             0.68386,             0.51502,             0.61956,             0.45205,             0.04284,            0.048348,            0.016277,            0.001288,            0.001288,            0.001288
                 266,            0.045174,            0.064729,            0.019508,             0.68644,             0.51447,             0.61936,             0.45203,            0.042826,            0.048341,            0.016276,            0.001255,            0.001255,            0.001255
                 267,            0.045114,            0.064505,            0.019405,              0.6852,             0.51482,             0.61985,             0.45234,            0.042812,            0.048329,            0.016266,            0.001222,            0.001222,            0.001222
                 268,            0.045145,             0.06463,            0.019397,             0.65444,             0.52791,             0.61827,             0.45083,            0.042803,            0.048313,             0.01625,            0.001189,            0.001189,            0.001189
                 269,            0.044979,            0.064462,            0.019362,             0.66342,             0.52323,             0.61896,             0.45158,            0.042796,            0.048313,            0.016241,            0.001156,            0.001156,            0.001156
                 270,            0.045003,            0.064385,            0.019145,             0.67118,             0.51989,             0.61943,             0.45136,            0.042784,            0.048312,            0.016238,            0.001123,            0.001123,            0.001123
                 271,              0.0449,            0.064245,            0.019131,             0.68558,             0.51416,             0.62012,             0.45179,            0.042781,            0.048305,            0.016239,             0.00109,             0.00109,             0.00109
                 272,            0.044885,            0.064422,            0.019114,             0.65664,             0.52943,             0.61955,             0.45112,            0.042779,            0.048299,            0.016241,            0.001057,            0.001057,            0.001057
                 273,            0.044737,            0.064226,            0.018954,             0.65618,             0.52872,             0.61949,             0.45086,            0.042774,            0.048291,            0.016248,            0.001024,            0.001024,            0.001024
                 274,            0.044752,            0.064151,            0.018946,             0.66508,             0.52482,             0.61994,             0.45131,            0.042758,            0.048278,            0.016242,            0.000991,            0.000991,            0.000991
                 275,            0.044644,            0.063863,             0.01884,             0.65536,             0.53093,             0.62054,             0.45182,            0.042745,             0.04827,            0.016244,            0.000958,            0.000958,            0.000958
                 276,            0.044606,            0.064087,            0.018772,             0.65592,             0.53053,             0.62007,             0.45197,            0.042734,            0.048257,            0.016246,            0.000925,            0.000925,            0.000925
                 277,            0.044508,            0.063784,            0.018712,             0.65606,              0.5305,              0.6203,             0.45221,            0.042723,            0.048261,            0.016255,            0.000892,            0.000892,            0.000892
                 278,            0.044412,            0.063692,            0.018592,             0.65823,             0.52972,             0.61942,             0.45161,            0.042711,            0.048254,            0.016264,            0.000859,            0.000859,            0.000859
                 279,            0.044381,            0.063837,            0.018471,             0.65586,             0.53026,              0.6192,             0.45143,            0.042708,            0.048253,            0.016261,            0.000826,            0.000826,            0.000826
                 280,              0.0443,            0.063559,            0.018464,             0.66088,             0.52712,             0.61945,             0.45186,            0.042709,            0.048251,            0.016261,            0.000793,            0.000793,            0.000793
                 281,            0.044273,            0.063623,            0.018342,             0.67696,             0.51852,             0.61948,             0.45219,            0.042707,            0.048254,            0.016265,             0.00076,             0.00076,             0.00076
                 282,            0.044173,            0.063328,            0.018293,             0.66171,             0.52755,             0.62036,             0.45238,             0.04271,            0.048254,            0.016266,            0.000727,            0.000727,            0.000727
                 283,            0.044101,            0.063374,            0.018169,              0.6795,             0.51751,             0.61993,             0.45238,            0.042699,            0.048254,            0.016257,            0.000694,            0.000694,            0.000694
                 284,             0.04404,            0.063306,            0.018018,             0.66789,             0.52358,             0.61944,              0.4517,             0.04269,             0.04826,            0.016244,            0.000661,            0.000661,            0.000661
                 285,            0.043979,            0.063362,            0.017997,              0.6641,             0.52573,             0.61924,             0.45167,            0.042683,            0.048273,             0.01624,            0.000628,            0.000628,            0.000628
                 286,            0.043803,            0.063121,            0.017934,             0.66243,             0.52572,             0.61862,             0.45148,            0.042686,            0.048285,            0.016246,            0.000595,            0.000595,            0.000595
                 287,            0.043837,            0.063203,            0.017748,             0.65469,             0.52921,             0.61823,             0.45106,            0.042688,            0.048281,            0.016254,            0.000562,            0.000562,            0.000562
                 288,            0.043677,            0.063055,            0.017766,             0.66676,              0.5244,             0.61744,             0.45095,            0.042685,            0.048289,            0.016253,            0.000529,            0.000529,            0.000529
                 289,            0.043592,            0.062753,            0.017554,             0.65366,             0.53072,             0.61849,             0.45192,            0.042684,            0.048301,            0.016256,            0.000496,            0.000496,            0.000496
                 290,            0.043535,            0.062689,            0.017546,             0.65792,               0.528,             0.61768,             0.45131,            0.042675,            0.048306,            0.016257,            0.000463,            0.000463,            0.000463
                 291,            0.043451,            0.062713,            0.017397,             0.65491,             0.52904,             0.61693,             0.45059,             0.04267,            0.048312,             0.01625,             0.00043,             0.00043,             0.00043
                 292,            0.043387,            0.062397,             0.01733,             0.65579,             0.52769,             0.61613,             0.45003,            0.042664,            0.048322,            0.016251,            0.000397,            0.000397,            0.000397
                 293,            0.043281,            0.062247,            0.017107,             0.65797,              0.5266,             0.61551,              0.4494,             0.04266,            0.048335,            0.016256,            0.000364,            0.000364,            0.000364
                 294,             0.04321,             0.06208,            0.017079,             0.66424,             0.52245,             0.61447,               0.449,            0.042662,            0.048354,            0.016267,            0.000331,            0.000331,            0.000331
                 295,            0.043081,            0.062107,            0.016989,             0.66138,             0.52322,             0.61468,             0.44923,            0.042666,            0.048365,             0.01627,            0.000298,            0.000298,            0.000298
                 296,            0.042959,            0.061811,            0.016856,             0.65449,             0.52867,             0.61501,             0.44936,            0.042672,            0.048389,            0.016289,            0.000265,            0.000265,            0.000265
                 297,            0.042914,            0.061864,            0.016713,             0.65695,             0.52693,             0.61463,             0.44906,            0.042673,            0.048405,            0.016311,            0.000232,            0.000232,            0.000232
                 298,            0.042811,            0.061687,            0.016655,             0.65471,             0.52762,             0.61395,             0.44907,            0.042674,            0.048425,            0.016327,            0.000199,            0.000199,            0.000199
                 299,             0.04278,            0.061573,            0.016501,             0.66435,             0.52169,             0.61378,             0.44873,            0.042674,            0.048445,            0.016337,            0.000166,            0.000166,            0.000166
                 299,             0.04278,            0.061573,            0.016501,              0.6734,             0.51591,             0.48886,             0.34155,             0.04271,            0.048255,            0.016268,            0.000166,            0.000166,            0.000166
